Tx Datetime,Holder Name,Card Number,Payer IP,IP Country,Remark,Issuing Country,Amount,Currency,label
2023-01-08 22:10:27,Alexis Hernandez,527517******6525,213.255.247.56,GB,,UK,78.52,GBP,n
2023-01-07 22:30:33,Audrey Warner,543215******6187,103.144.245.176,,,US,125.99,USD,y
2023-01-09 23:01:12,Ben Hampson,473310******1168,111.1.213.122,CN,,CN,862.35,CNY,n
2023-01-08 23:39:32,Binti Daud,437551******2016,58.136.190.229,TH,,TH,1589.75,THB,y
2023-01-08 23:39:32,Binti Daud,485498******2922,58.136.190.229,TH,,TH,2105.5,THB,y
2023-01-08 23:40:32,Binti Daud,521729******8378,49.228.232.120,TH,,TH,3250.25,THB,y
2023-01-09 23:42:57,Cecilia Park,414740******8394,104.128.67.75,,,KR,54320,KRW,n
2023-01-06 18:20:40,Chittrawan Rangsimahariwong,522440******4756,49.237.4.16,TH,,TH,945.75,THB,n
2023-01-09 21:23:24,Cynthia Cusumano,526218******0539,111.1.213.122,CN,,US,89.99,USD,n
2023-01-09 21:52:26,Danielle Ash,426752******6669,103.144.245.176,,,CA,132.5,CAD,n
2023-01-09 22:45:50,Dany j Castaneda,411774******8300,104.128.67.75,,,MX,1875.25,MXN,n
2023-01-09 21:24:43,Franklin Salasky,542418******1626,111.1.213.122,CN,,US,215.75,USD,n
2023-01-09 22:18:58,Jimmie Hayes,542432******8278,104.128.67.75,**,,US,67.99,USD,n
2023-01-09 23:27:12,Kate Dennis,463917******7327,156.59.96.174,NZ,,NZ,145.8,NZD,n
2023-01-09 23:28:18,Kate Dennis,489377******8776,156.59.96.174,NZ,,NZ,92.25,NZD,n
2023-01-09 23:24:59,Kate Dennis,524193******6005,156.59.96.174,NZ,,NZ,178.5,NZD,n
2023-01-09 23:31:33,Kate Dennis,558983******1959,49.228.230.3,TH,,NZ,205.75,NZD,n
2023-01-09 22:50:01,MALAYSIA,459914******5816,51.79.130.17,GB,,MY,325.5,MYR,n
2023-01-09 22:19:42,Mara Sue Wrinkle,546616******3404,104.128.67.75,**,,US,54.99,USD,n
2023-01-09 23:43:31,Mohamed Nasir,521729******7577,49.228.48.194,TH,,TH,1750.25,THB,n
2023-01-09 22:53:29,Romberg,459914******5816,51.79.130.17,GB,,MY,412.75,MYR,n
2023-01-09 22:59:06,Suntech Mailer,459914******5816,103.144.245.176,,,MY,287.5,MYR,n
2023-01-09 22:08:27,TAN EK HENG,558860******3681,213.255.247.56,GB,,SG,165.8,SGD,n
2023-01-09 23:40:57,Tiffany Tiau,485498******0207,58.136.190.229,TH,,TH,2350.75,THB,n
2023-01-10 9:15:43,John Smith,,172.16.254.1,US,,US,199.99,USD,n
2023-01-10 10:30:22,Emma Watson,,192.168.1.100,FR,,FR,85.5,EUR,n
2023-01-10 11:45:18,Hiroshi Tanaka,,203.0.113.1,JP,,JP,12500,JPY,n
2023-01-10 13:20:55,Maria Garcia,,8.8.8.8,ES,,ES,120.75,EUR,n
2023-01-10 14:55:39,Olivia Brown,,203.0.113.2,AU,,AU,275,AUD,n
2023-01-10 16:10:27,Lars Andersen,,192.168.1.101,DK,,DK,950,DKK,n
2023-01-10 17:25:14,Fatima Al-Sayed,,172.16.254.2,AE,,AE,550,AED,n
2023-01-10 18:40:03,Sven Johansson,,8.8.4.4,SE,,SE,1200,SEK,n
2023-01-10 19:55:51,Aisha Patel,,203.0.113.3,IN,,IN,8500,INR,n
2023-01-10 21:10:40,Carlos Rodriguez,,192.168.1.102,MX,,MX,2250,MXN,n
2023-01-10 22:25:29,Anna Kowalski,,172.16.254.3,PL,,PL,450,PLN,n
2023-01-10 23:40:18,Yuki Tanaka,,8.8.8.9,JP,,JP,18000,JPY,y
2023-01-11 0:55:07,Mohammed Ali,,203.0.113.4,EG,,EG,2800,EGP,n
2023-01-11 2:10:56,Sophie Martin,,192.168.1.103,FR,,FR,95.75,EUR,n
2023-01-11 3:25:45,Ivan Petrov,,172.16.254.4,RU,,RU,7500,RUB,n
2023-01-11 4:40:34,Liam O'Connor,,8.8.4.5,IE,,IE,110.5,EUR,n
2023-01-11 5:55:23,Chen Wei,,203.0.113.5,CN,,CN,1350,CNY,n
2023-01-11 7:10:12,Isabella Rossi,,192.168.1.104,IT,,IT,135,EUR,n
2023-01-11 8:25:01,Ahmed Hassan,,172.16.254.5,SA,,SA,600,SAR,n
2023-01-11 9:39:50,Marta Silva,,8.8.8.10,BR,,BR,750,BRL,n
2023-01-11 10:54:39,Jens Nielsen,,203.0.113.6,DK,,DK,1100,DKK,n
2023-01-11 12:09:28,Priya Sharma,,192.168.1.105,IN,,IN,9500,INR,n
2023-01-11 13:24:17,Hans MÃ¼ller,,172.16.254.6,DE,,DE,180.5,EUR,n
2023-01-11 14:39:06,Natalie Wong,,8.8.4.6,SG,,SG,275,SGD,n
2023-01-10 0:05:11,Ahmad Firdaus,,49.228.48.194,TH,,TH,1050.25,THB,n
2023-01-10 0:10:42,Alana Lee,,104.128.67.75,,,US,98.99,USD,n
2023-01-10 0:15:13,Alexander Kim,,156.59.96.174,NZ,,NZ,210.8,NZD,n
2023-01-10 0:20:44,Alicia Tan,,156.59.96.174,NZ,,NZ,135.25,NZD,n
2023-01-07 22:45:00,George Smith,,192.168.1.106,US,,US,150.75,USD,n
2023-01-08 23:15:27,Emma Johnson,,172.16.254.7,CA,,CA,200.5,CAD,y
2023-01-08 23:50:33,Liam Brown,,203.0.113.7,GB,,GB,95.25,GBP,n
2023-01-09 0:10:12,Olivia Jones,,8.8.8.11,AU,,AU,300,AUD,n
2023-01-09 1:45:32,Noah Williams,,192.168.1.107,DE,,DE,120.75,EUR,y
2023-01-09 2:30:45,Ava Davis,,203.0.113.8,FR,,FR,85.5,EUR,n
2023-01-09 3:55:27,Isabella Martinez,,172.16.254.8,ES,,ES,110.25,EUR,y
2023-01-09 22:15:33,Sophia Garcia,,8.8.8.12,IT,,IT,145,EUR,n
2023-01-10 0:05:11,James Wilson,,192.168.1.108,NL,,NL,175.75,EUR,n
2023-01-10 1:20:44,Amelia Anderson,,203.0.113.9,SE,,SE,200,SEK,n
2023-01-10 2:35:18,Mason Thomas,,172.16.254.9,NO,,NO,95.5,NOK,n
2023-01-10 3:50:32,Lucas Lee,,8.8.8.13,FI,,FI,105.25,EUR,n
2023-01-10 22:25:29,Mia Harris,,192.168.1.109,JP,,JP,18000,JPY,n
2023-01-11 0:40:18,Elijah Clark,,203.0.113.10,KR,,KR,55000,KRW,n
2023-01-11 1:55:07,Charlotte Lewis,,172.16.254.10,SG,,SG,275,SGD,y
2023-01-11 3:10:56,Ethan Walker,,8.8.8.14,IN,,IN,8500,INR,n
2023-01-11 4:25:45,Harper Young,,192.168.1.110,BR,,BR,750,BRL,n
2023-01-11 5:40:34,Henry King,,203.0.113.11,ZA,,ZA,1200,ZAR,y
2023-01-11 22:55:23,Abigail Scott,,172.16.254.11,AE,,AE,550,AED,n
2023-01-12 0:10:12,Jack Green,,8.8.8.15,EG,,EG,2800,EGP,n
2023-01-12 1:25:01,Emily Adams,,192.168.1.111,RU,,RU,7500,RUB,n
2023-01-12 2:39:50,Michael Baker,,203.0.113.12,TH,,TH,1589.75,THB,n
2023-01-12 3:54:39,Ella Gonzalez,,172.16.254.12,MY,,MY,412.75,MYR,n
2023-01-12 5:09:28,Daniel Nelson,,8.8.8.16,PH,,PH,287.5,PHP,y
2023-01-12 22:24:17,Grace Carter,,192.168.1.112,ID,,ID,325.5,IDR,n
2023-01-13 0:39:06,Logan Mitchell,,203.0.113.13,SG,,SG,275,SGD,n
2023-01-13 1:55:51,Chloe Perez,,172.16.254.13,HK,,HK,950,HKD,n
2023-01-13 3:10:40,Alexander Roberts,,8.8.8.17,AU,,AU,275,AUD,n
2023-01-13 4:25:29,Avery Turner,,192.168.1.113,US,,US,199.99,USD,n
2023-01-13 5:40:18,William Phillips,,203.0.113.14,CA,,CA,132.5,CAD,n
2023-01-12 10:00:00,John Doe,,192.168.1.114,US,,US,150,USD,y
2023-01-12 10:01:30,Jane Smith,,192.168.1.114,US,,US,200,USD,y
2023-01-12 10:03:00,Michael Johnson,,192.168.1.114,US,,US,250,USD,y
2023-01-12 10:04:30,Emily Davis,,192.168.1.114,US,,US,300,USD,y
2023-01-12 10:06:00,David Brown,,192.168.1.114,US,,US,350,USD,y
2023-01-13 15:00:00,Alice Green,,203.0.113.15,GB,,GB,100,GBP,y
2023-01-13 15:01:45,Bob White,,203.0.113.15,GB,,GB,150,GBP,y
2023-01-13 15:03:30,Charlie Black,,203.0.113.15,GB,,GB,200,GBP,y
2023-01-13 15:05:15,Diana Blue,,203.0.113.15,GB,,GB,250,GBP,y
2023-01-13 15:07:00,Edward Gray,,203.0.113.15,GB,,GB,300,GBP,y
2023-01-14 20:00:00,Fiona Red,,172.16.254.14,CA,,CA,120,CAD,y
2023-01-14 20:02:00,George Yellow,,172.16.254.14,CA,,CA,140,CAD,y
2023-01-14 20:04:00,Hannah Orange,,172.16.254.14,CA,,CA,160,CAD,y
2023-01-14 20:06:00,Ian Purple,,172.16.254.14,CA,,CA,180,CAD,y
2023-01-14 20:08:00,Jack Pink,,172.16.254.14,CA,,CA,200,CAD,y
2023-01-17 9:00:00,Chris Brown,561799******7585,192.168.1.115,US,,US,10,USD,y
2023-01-17 9:15:00,Chris Brown,561799******7585,192.168.1.115,US,,US,20,USD,y
2023-01-17 9:30:00,Chris Brown,561799******7585,192.168.1.115,US,,US,50,USD,y
2023-01-17 9:45:00,Chris Brown,561799******7585,192.168.1.115,US,,US,100,USD,y
2023-01-17 10:00:00,Chris Brown,561799******7585,192.168.1.115,US,,US,200,USD,y
2023-01-18 14:00:00,Jessica Green,760799******7005,203.0.113.17,GB,,GB,5,GBP,y
2023-01-18 14:20:00,Jessica Green,760799******7005,203.0.113.17,GB,,GB,15,GBP,y
2023-01-18 14:40:00,Jessica Green,760799******7005,203.0.113.17,GB,,GB,30,GBP,y
2023-01-18 15:00:00,Jessica Green,760799******7005,203.0.113.17,GB,,GB,60,GBP,y
2023-01-18 15:20:00,Jessica Green,760799******7005,203.0.113.17,GB,,GB,120,GBP,y
2023-01-19 18:00:00,Tom White,560794******7275,172.16.254.15,CA,,CA,20,CAD,y
2023-01-19 18:30:00,Tom White,560794******7275,172.16.254.15,CA,,CA,40,CAD,y
2023-01-19 19:00:00,Tom White,560794******7275,172.16.254.15,CA,,CA,80,CAD,y
2023-01-19 19:30:00,Tom White,560794******7275,172.16.254.15,CA,,CA,160,CAD,y
2023-01-19 20:00:00,Tom White,560794******7275,172.16.254.15,CA,,CA,320,CAD,y
2023-01-20 12:00:00,Anna Black,330799******7827,8.8.8.19,AU,,AU,25,AUD,y
2023-01-20 12:20:00,Anna Black,330799******7827,8.8.8.19,AU,,AU,50,AUD,y
2023-01-20 12:40:00,Anna Black,330799******7827,8.8.8.19,AU,,AU,100,AUD,y
2023-01-20 13:00:00,Anna Black,330799******7827,8.8.8.19,AU,,AU,200,AUD,y
2023-01-20 13:20:00,Anna Black,330799******7827,8.8.8.19,AU,,AU,400,AUD,y
2023-01-21 16:30:00,Mark Blue,339829******5421,203.0.113.18,IN,,IN,100,INR,y
2023-01-21 17:00:00,Mark Blue,339829******5421,203.0.113.18,IN,,IN,200,INR,y
2023-01-21 17:30:00,Mark Blue,339829******5421,203.0.113.18,IN,,IN,400,INR,y
2023-01-21 18:00:00,Mark Blue,339829******5421,203.0.113.18,IN,,IN,800,INR,y
2023-01-22 9:00:00,Oliver Brown,462381******1245,192.168.1.116,US,,US,50,USD,y
2023-01-22 12:00:00,Oliver Brown,462381******1245,203.0.113.19,US,,US,100,USD,y
2023-01-22 13:30:00,Oliver Brown,462381******1245,8.8.8.20,US,,US,125,USD,y
2023-01-22 15:00:00,Oliver Brown,462381******1245,192.168.1.117,US,,US,150,USD,y
2023-01-23 11:00:00,Emma White,252547******4002,203.0.113.20,GB,,GB,40,GBP,y
2023-01-23 12:45:00,Emma White,252547******4002,192.168.1.118,GB,,GB,60,GBP,y
2023-01-23 16:15:00,Emma White,252547******4002,172.16.254.17,GB,,GB,100,GBP,y
2023-01-23 18:00:00,Emma White,252547******4002,203.0.113.21,GB,,GB,120,GBP,y
2023-01-25 7:00:00,Ava Smith,225407******4448,203.0.113.23,AU,,AU,20,AUD,y
2023-01-25 8:45:00,Ava Smith,225407******4448,192.168.1.121,AU,,AU,35,AUD,y
2023-01-25 10:30:00,Ava Smith,225407******4448,8.8.8.23,AU,,AU,50,AUD,y
2023-01-25 12:15:00,Ava Smith,225407******4448,172.16.254.19,AU,,AU,65,AUD,y
2023-01-25 14:00:00,Ava Smith,225407******4448,203.0.113.24,AU,,AU,80,AUD,y
2023-01-26 6:00:00,Noah Davis,355579******5585,192.168.1.122,IN,,IN,500,INR,y
2023-01-26 7:45:00,Noah Davis,355579******5585,172.16.254.20,IN,,IN,750,INR,y
2023-01-26 9:30:00,Noah Davis,355579******5585,203.0.113.25,IN,,IN,1000,INR,y
2023-01-26 13:00:00,Noah Davis,355579******5585,192.168.1.123,IN,,IN,1500,INR,y
2023-01-27 10:00:00,John Miller,,192.168.1.124,US,,US,75,USD,n
2023-01-27 11:30:00,Susan Wilson,,203.0.113.26,GB,,GB,50,GBP,n
2023-01-27 13:00:00,Robert Moore,,172.16.254.21,CA,,CA,100,CAD,n
2023-01-27 14:30:00,Patricia Taylor,,8.8.8.25,AU,,AU,120,AUD,n
2023-01-28 9:00:00,Linda Thomas,,192.168.1.125,US,,US,60,USD,n
2023-01-28 10:30:00,David Jackson,,203.0.113.28,GB,,GB,80,GBP,n
2023-01-28 12:00:00,Barbara Harris,,172.16.254.22,CA,,CA,150,CAD,n
2023-01-28 13:30:00,James Martin,,8.8.8.26,AU,,AU,90,AUD,n
2023-01-28 15:00:00,Elizabeth Lee,,203.0.113.29,IN,,IN,2500,INR,n
2023-01-29 8:00:00,Christopher Walker,,192.168.1.126,US,,US,85,USD,n
2023-01-29 9:30:00,Jennifer Hall,,203.0.113.30,GB,,GB,95,GBP,n
2023-01-29 11:00:00,Daniel Allen,,172.16.254.23,CA,,CA,110,CAD,n
2023-01-29 12:30:00,Jessica Young,,8.8.8.27,AU,,AU,130,AUD,n
2023-01-29 14:00:00,Matthew Hernandez,,203.0.113.31,IN,,IN,3000,INR,n
2023-01-30 7:00:00,Karen King,,192.168.1.127,US,,US,70,USD,n
2023-01-30 8:30:00,Paul Wright,,203.0.113.32,GB,,GB,55,GBP,n
2023-01-30 10:00:00,Steven Lopez,,172.16.254.24,CA,,CA,140,CAD,n
2023-01-30 11:30:00,Sarah Scott,,8.8.8.28,AU,,AU,100,AUD,n
2023-01-30 13:00:00,Anthony Adams,,203.0.113.33,IN,,IN,3500,INR,n
2023-01-31 6:00:00,Betty Baker,,192.168.1.128,US,,US,65,USD,n
2023-01-31 7:30:00,Mark Nelson,,203.0.113.34,GB,,GB,45,GBP,n
2023-01-31 9:00:00,Edward Carter,,172.16.254.25,CA,,CA,125,CAD,n
2023-01-31 10:30:00,Dorothy Mitchell,,8.8.8.29,AU,,AU,115,AUD,n
2023-01-31 12:00:00,Donald Perez,,203.0.113.35,IN,,IN,4000,INR,n